Keys,Українська
init_menu_continue,Продовжити
init_menu_load_game,Завантажити гру
init_menu_new_game,Нова гра
init_menu_options,Налаштування
init_menu_language,Мова
init_menu_credits,Про гру
init_menu_guit_game,Вийти з гри
save_slot_empty,Порожнє збереження
set_menu_apply,Прийняти зміни
set_menu_reset,Скинути до замовчення
set_menu_settings,Налаштування
set_menu_video,Відео
set_menu_view_mode,Режим перегляду
set_menu_fullscreen,Повноекранний
set_menu_bw,Безрамковий
set_menu_window,Віконний
set_menu_resolution,Роздільна здатність
set_menu_gameplay,Ігролад
set_menu_hud,Інтерфейс
set_menu_language,Мова
set_menu_auto_lan,Автоматична зміна мови
set_menu_text_vel,Швидкість тексту
set_menu_insta,Одразу
set_menu_slow,Повільна
set_menu_mid,Середня
set_menu_high,Висока
set_menu_hud_not,Ocult
set_menu_hud_show,Показати
set_menu_hud_otn,Тільки коли потрібно
set_menu_view_con,Переглянути керування
set_menu_cons_icons,Іконки керування
set_menu_keyboard,Клавіатура та миша
set_menu_gamepad_a,Тип геймпаду А
set_menu_gamepad_b,Тип геймпаду Б
set_menu_gamepad_c,Тип геймпаду В
set_menu_dynamic,Динамічно
set_menu_audio,Аудіо
set_menu_master,Загальна гучність
set_menu_sfx,Ефекти
set_menu_ambient,Атмосфера
set_menu_musics,Музика
set_menu_dialogues,Діалоги
set_menu_go_back_div,Повернутися у [n][n]головне меню
set_menu_go_back,Повернутися у головне меню
set_descri_fullscreen,"Визначає режим відображення гри, чи повинна вона залишитися у повноекранному режимі чи ні.[n][n]За замовченням: Увімкнено[n][n]Увага:[n]- «Безрамковий» режим може не працювати якщо у вас більше ніж 1 екран."
set_descri_resolution,Визначає роздільну здатність вікна гри.[n][n]За замовченням: 1920 x 1080[n][n]Ця опція буде працювати тільки якщо опція «Режим перегляду» буде встановлена на «Віконний».
set_descri_hud,Визначає чи буде відображатися інтерфейс на екрані.[n]За замовченням: Увімкнено
set_descri_language,Визначає мову гри.[n][n]Увага:[n]- Гру треба перезавантажити щоб зміни мови вступили в силу.
set_descri_auto_lan,"Визначає чи буде обрана мова гри в залежності від мови вашої операційної системи.[n][n]Увага:[n]- Щоб зміни вступили в силу, треба перезавантажити гру;[n][n]- Буде обрана та мова яка доступна у списку."
set_descri_text_vel,Визначає швидкість з якою відображаються діалоги.[n][n]За замовченням: Середня
set_descri_cons_icons,Визначає які піктограми будуть відображатися у якості підказок керування.
set_descri_master,Встановлює загальну гучність усіх звуків гри.[n][n]За замовченням: 10
set_descri_sfx,Встановлює гучність звукових ефектів.[n][n]За замовченням: 10
set_descri_ambient,Встановлює гучність звуків атмосфери.[n][n]За замовченням: 10
set_descri_musics,Встановлює гучність музики.[n][n]За замовченням: 10
set_descri_dialogues,Встановлює гучність діалогів.[n][n]За замовченням: 10
set_descri_apply,"Прийняти нові зміни налаштувань.[n][n]Увага:[n]- Вам може знадобитися перезавантажити гру, щоб деякі зміни вступили в силу."
set_descri_reset_default,Скинути до замовчення всі налаштування гри.
set_descri_con_walkF,Йти вперед:
set_descri_con_walkB,Йти назад:
set_descri_con_jump,Стрибок:
set_descri_con_dodge,Ухилитися:
set_descri_con_crouch,Присісти:
set_descri_con_atk,Атака:
set_descri_con_atk_hv,Важка атака:
set_descri_con_block,Блокувати:
set_descri_con_magic,Використати чари:
set_descri_con_magic_swap,Змінити чари:
set_descri_con_item,Використати предмет у мішечку:
set_descri_con_swap_item,Змінити предмет у мішечку:
set_descri_con_menu,Відкрити меню Массари:
set_descri_con_pause,Пауза:
set_descri_con_int,Взаємодіяти:
descri_default,У цього предмета поки що немає опису.
popup_reset_warn,"Ви впевнені, що бажаєте скинути налаштування за замовченням?"
popup_reseting,Скидуємо налаштування...
popup_apply_changes_warn,"Ви впевнені, що бажаєте прийняти зміни?"
popup_changing,Приймаємо зміни...
cred_menu_credits,Про гру
cred_menu_developed,Гру розробив
cred_menu_ravi,Ravi de Santana 'RKS'
cred_menu_musics,Музику зробив
cred_menu_fl,Freak Luke
term_version,Версія {0}
term_cancel,Скасувати
term_hold,Утримувати
term_press,Натиснути
term_confirm,Прийняти
term_ok,ОК
term_no,Ні
term_yes,Так
term_void,Порожньо
term_on,Увімкнено
term_off,Вимкнено
term_enabled,Активовано
term_disabled,Деактивовано
term_locked,Зачинено
term_go_back,Повернутися
term_leave,Залишити
term_type_a,Тип А
term_type_b,Тип Б
term_type_c,Тип В
term_nothing,Нічого
term_you_died,ВИ ЗАГИНУЛИ
term_ct_restored,ТОТЕМ ПОПЕЛУ ВІДНОВЛЕНО
term_enemy_exterminated,ВОРОГА ЗНИЩЕНО
term_leader_defeated,ВАТАЖОК ПЕРЕМОЖЕН
term_king_slain,КОРОЛЯ ВБИТО
term_condition,Стан
term_legion,Легіон
term_hp,ОЗ
term_mp,ОМ
term_blessing,Освячення
term_def,Зменшення шкоди
term_level,Рівень
term_blood_hld,Крові у наявності
term_blood_ndd,Крові потрібно
term_blood_required,Крові потребується
term_blood_received,Отримано крові
term_atk_power,Потужність атаки
term_special_armament,Особливий {0}
term_heavy_infusion_a,Важкий {0}
term_heavy_infusion_b,Важка {0}
term_heavy_infusion_c,Важкі {0}
term_heavy_infusion_d,Важкі {0}
term_sharp_infusion_a,Гострий {0}
term_sharp_infusion_b,Гостра {0}
term_sharp_infusion_c,Гострі {0}
term_sharp_infusion_d,Гострі {0}
term_quality_infusion_a,Якісний {0}
term_quality_infusion_b,Якісна {0}
term_quality_infusion_c,Якісні {0}
term_quality_infusion_d,Якісні {0}
term_brute_infusion_a,Грубий {0}
term_brute_infusion_b,Груба {0}
term_brute_infusion_c,Грубі {0}
term_brute_infusion_d,Грубі {0}
term_pyromantic_infusion_a,Піромантичний {0}
term_pyromantic_infusion_b,Піромантична {0}
term_pyromantic_infusion_c,Піромантичні {0}
term_pyromantic_infusion_d,Піромантичні {0}
term_flaming_infusion_a,Вогняний {0}
term_flaming_infusion_b,Вогняна {0}
term_flaming_infusion_c,Вогняні {0}
term_flaming_infusion_d,Вогняні {0}
term_freezing_infusion_a,Крижаний {0}
term_freezing_infusion_b,Крижана {0}
term_freezing_infusion_c,Крижані {0}
term_freezing_infusion_d,Крижані {0}
term_electric_infusion_a,Електричний {0}
term_electric_infusion_b,Електрична {0}
term_electric_infusion_c,Електричні {0}
term_electric_infusion_d,Електричні {0}
term_poisonous_infusion_a,Отруйний {0}
term_poisonous_infusion_b,Отруйна {0}
term_poisonous_infusion_c,Отруйні {0}
term_poisonous_infusion_d,Отруйні {0}
term_bloody_infusion_a,Кривавий {0}
term_bloody_infusion_b,Кривава {0}
term_bloody_infusion_c,Криваві {0}
term_bloody_infusion_d,Криваві {0}
term_darkness_infusion_a,Темний {0}
term_darkness_infusion_b,Темна {0}
term_darkness_infusion_c,Темні {0}
term_darkness_infusion_d,Темні {0}
term_number,№
term_conclusion,Висновок
term_base_power,Базова потужність
term_use,Використати
term_equip,Екіпірувати
term_discard,Викинути
term_tdefeat,Разів переможено
term_no_magics,У вас немає жодних чар...
term_no_items,У вас немає жодного предмету цієї групи...
term_shop_no_items,Цей торговець не має жодного предмету цієї групи...
term_pick_up,Взяти
term_lit,Відновити
term_rest,Відпочити
term_talk,Говорити
term_investigate,Дослідити
term_change_equip,Змінити екіпірування
term_class,Клас
term_manor_court,Люб’язність Садиби
term_kind,Тип 
term_unknown,Невідомо
term_value,Значення
term_held,В наявності
term_stored,Зберігається
term_cannot_sold,Цей предмет не можна продати
term_description,Опис
term_skip,Пропустити
term_effects,Ефекти
term_immune,Імун.
term_limit_reached,Ви не можете зберігати більшу кількість {0}.
menu_info_title,Інформація про персонажа
menu_equi_title,Екіпіровка
menu_inv_title,Інвентар
menu_knw_title,Бестіарій
menu_map_title,Мапа
menu_shop_title,Крамниця предметів
menu_shop_purchase,Купити
menu_shop_sell,Продати
menu_class_title,Визначення класу
menu_info_descri,Переглянути ваші характеристики
menu_equi_descri,Змінити вашу екіпіровку
menu_inv_descri,Переглянути і використати ваші предмети
menu_knw_descri,Описи монстрів
menu_map_descri,Переглянути ваше розташування
menu_shop_descri_purchase,Купити предмети у крамаря
menu_shop_descri_sell,Продати предмети крамарю
menu_class_descri,Оберіть вашу початкову екіпіровку
menu_equi_ana,Броня та кільця
menu_equi_wng,Зброя та самоцвіти
menu_equi_bag,Мішечок
menu_ce,"У вас недостатньо атрибутів, щоб повноцінно використовувати цю зброю. Ваші атаки будуть послаблені."
menu_inv_bda,Бонуси атрибутів та вимоги
menu_inv_dis_warn,Викинути цей предмет?
menu_shop_purchase_many,Скільки купити?
menu_shop_sell_many,Скільки продати?
menu_class_items,Предмети класу
menu_class_status,Статус класу
menu_class_appearance,Це зовнішній вигляд броні класу
group_tools,Інструменти
group_materials,Матеріали
group_keys,Ключові предмети
group_accessories,Аксесуари
group_armors,Броня
group_weapons,Зброя
group_gems,Самоцвіти
group_magics,Чари
group_rings,Кільця
group_knowledges,Знання
box_general,Загальні
box_power,Потужність
box_equipment,Екіпіровка
attr_str,Сила
attr_dex,Спритність
attr_imp,Енергія
attr_vit,Життєва сила
attr_res,Опір
attr_lck,Удача
elm_phys,Фізична
elm_pyro,Піромантична
elm_fire,Вогняна
elm_ice,Крижана
elm_elec,Електрична
elm_psn,Отруєння
elm_ble,Кровотеча
elm_dar,Темнота
elm_phys_abbr,Фіз.
elm_pyro_abbr,Піро.
elm_fire_abbr,Вогн.
elm_ice_abbr,Криж.
elm_elec_abbr,Елект.
elm_psn_abbr,Отрує.
elm_ble_abbr,Кров.
elm_dar_abbr,Темн.
atk_phys,Фізична АТК
atk_pyro,Піромантична АТК
atk_fire,Вогняна АТК
atk_ice,Freezing АТК
atk_elec,Eletrical АТК
atk_psn,Отруйна АТК
atk_ble,Кривава АТК
atk_dar,Темна АТК
def_phys,Фізичний ЗАХ
def_pyro,Піроматичний ЗАХ
def_fire,Вогняний ЗАХ
def_ice,Крижаний ЗАХ
def_elec,Електричний ЗАХ
def_psn,Отруйний ЗАХ
def_ble,Кривава ЗАХ
def_dar,Темний ЗАХ
legion_000,Засудженні підземелля
legion_001,Конформісти Сутності
legion_002,Паства темряви
legion_003,Драконічний міф
pause_cont,Продовжити
pause_desk,Вийти до робочого столу
pause_main,Вийти у головне меню
ct_inventory,Інвентар
ct_lit,ТОТЕМ ПОПЕЛУ РОЗПАЛЕНО
ct_lu,Новий рівень
ct_mm,Вивчити чари
ct_skills,Навички
ct_dc,Чаша демона
ct_storage,Сховище
ct_travel,Подорожувати
ct_wisdom,Мудрість
ct_lu_confirm_one,Використати {0} крові щоб отримати {1} рівень?
ct_lu_confirm_two,Використати {0} крові щоб отримати {1} рівня?
ct_lu_confirm_few,Використати {0} крові щоб отримати {1} рівня?
ct_lu_confirm_many,Використати {0} крові щоб отримати {1} рівнів?
ct_lu_confirm_other,Використати {0} крові щоб отримати {1} рівень?
ct_dc_allot,Розподілити вміст чаши
ct_dc_charge,Додати заряди
ct_dc_force,Збільшити силу
ct_hp_tv,Подорожувати до садиби Вояджера
ct_dc_grant_charge_one,Використати {0} Кістку Клірика щоб збільшити кількість зарядів чаши демона?
ct_dc_grant_charge_two,Використати {0} Кістки Клірика щоб збільшити кількість зарядів чаши демона?
ct_dc_grant_charge_few,Використати {0} Кістки Клірика щоб збільшити кількість зарядів чаши демона?
ct_dc_grant_charge_many,Використати {0} Кісток Клірика щоб збільшити кількість зарядів чаши демона?
ct_dc_grant_charge_other,Використати {0} Кістки Клірика щоб збільшити кількість зарядів чаши демона?
ct_dc_grant_charge_no_items,У вас немає жодної Кістки демона.
ct_dc_grant_force,Grant 1 Blood Orb to increase the amount of HP/MP recovered by your Demon Chalice?
ct_dc_grant_force_no_items,You don't have any Blood Orbs.
ct_dc_grant_force_max,The amount of PV/MP recovered by your Demon Chalice can't be increased any futher.
ct_mm_es,Порожній слот
ct_mm_kind,Тип 
ct_mm_mc,Вартість ОМ
ct_mm_ce,У вас недостатньо атрибутів щоб використовувати ці чари.
ct_tv_travel,Подорожувати до обраного Тотема попелу?
ct_tv_vm,Подорожувати до Садиби Вояджера?
ct_tv_yah,You are in this Cinder Totem
ct_area_000,Forgotten Sparks
ct_area_001,Souls Dungeon
ct_area_002,Core Forge
ct_area_003,King's Domain
ct_name_100,Voyagers' Manor
tool_kind_00,Consumable
tool_kind_01,Throwable
weapon_kind_00,Кинджал
weapon_kind_01,Подвійний кинджал
weapon_kind_02,Прямий меч
weapon_kind_03,Подвійний прямий меч
weapon_kind_04,Великий меч
weapon_kind_05,Curved sword
weapon_kind_06,Curved double sword
weapon_kind_07,Curved greatsword
weapon_kind_08,Катана
weapon_kind_09,Double katana
weapon_kind_10,Сокира
weapon_kind_11,Double axe
weapon_kind_12,Молот
weapon_kind_13,Double hammer
weapon_kind_14,Great hammer
weapon_kind_15,Спис
weapon_kind_16,Алебарда
weapon_kind_17,Коса
weapon_kind_18,Colossal weapon
weapon_kind_19,Батіг
weapon_kind_20,Кулаки
weapon_kind_21,Claws
weapon_kind_22,Double weapon
weapon_kind_23,Екзотична зброя
weapon_kind_24,Жезл
weapon_kind_25,Талісман
weapon_kind_26,Лук
weapon_kind_27,Пістолет
weapon_kind_28,Важкий пістолет
weapon_kind_29,Щит
weapon_kind_30,Великий щит
magic_kind_00,Атака
magic_kind_01,Підтримка
tool_name_000,Чаша демона
tool_name_001,Clerical Demon Chalice
tool_name_002_010,Bloody Demon Shard
tool_name_011,Pyromantic Pot
tool_name_012,Gunpowder Pot
tool_name_013,Freezing Pot
tool_name_014,Electric Pot
tool_name_015,Poisonous Pot
tool_name_016,Bleeding Pot
tool_name_017,Viscous Pot
tool_name_018,Pyromantic Papyrus
tool_name_019,Flaming Papyrus
tool_name_020,Freezing Papyrus
tool_name_021,Electric Papyrus
tool_name_022,Poisonous Papyrus
tool_name_023,Bleeding Papyrus
tool_name_024,Viscous Papyrus
tool_name_025,Hot Water Gourd
tool_name_026,Cold Water Gourd
tool_name_027,Cursed Herbs Jug
tool_name_028,Refreshing Herbs Jug
tool_name_029,Smoking Herbs Jug
tool_name_030,Dissipating Herbs Jug
tool_name_031,Purifying Herbs Jug
tool_name_032,Coagulating Herbs Jug
tool_name_033,Radiant Herbs Jug
tool_name_034,Divinity Bloodstained Miniature
tool_name_035,Divinity Shiny Miniature
tool_name_036,Worn Vase
tool_name_037,Noble Vase
tool_desc_000,A chalice containing the blood of a Demon Cleric.[n][n]Recovers a certain amount of HP.
tool_desc_001,A chalice containing the blood of a Demon Cleric baptized with human magic.[n][n]Recovers a certain amount of MP.
tool_desc_002_010,Gives {0} blood.
tool_desc_011,
tool_desc_012,A pot that can be thrown at things or enemies.[n][n]Cause fire damage.
tool_desc_013,
tool_desc_014,
tool_desc_015,
tool_desc_016,
tool_desc_017,
tool_desc_018,Наповнює поточну зброю піроматичною шкодою.
tool_desc_019,
tool_desc_020,
tool_desc_021,
tool_desc_022,
tool_desc_023,
tool_desc_024,
tool_desc_025,
tool_desc_026,
tool_desc_027,
tool_desc_028,
tool_desc_029,
tool_desc_030,
tool_desc_031,
tool_desc_032,
tool_desc_033,
tool_desc_034,
tool_desc_035,
tool_desc_036,
tool_desc_037,
tool_inspec_000,
tool_inspec_001,
tool_inspec_002_010,
tool_inspec_011,
tool_inspec_012,
tool_inspec_013,
tool_inspec_014,
tool_inspec_015,
tool_inspec_016,
tool_inspec_017,
tool_inspec_018,
tool_inspec_019,
tool_inspec_020,
tool_inspec_021,
tool_inspec_022,
tool_inspec_023,
tool_inspec_024,
tool_inspec_025,
tool_inspec_026,
tool_inspec_027,
tool_inspec_028,
tool_inspec_029,
tool_inspec_030,
tool_inspec_031,
tool_inspec_032,
tool_inspec_033,
tool_inspec_034,
tool_inspec_035,
tool_inspec_036,
tool_inspec_037,
material_name_000,Кістка клірика
material_name_001,Кривава сфера
material_name_002,Sun Stone Residue
material_name_003,Sun Stone Shard
material_name_004,Sun Stone Chunk
material_name_005,Sun Stone Slab
material_name_006,Moon Stone Shard
material_name_007,Moon Stone Slab
material_desc_000,Grant this bone to a blacksmith to increase the Demon Chalice charges.
material_desc_001,Grant this orb to a Cinder Totem to increase the force of the Demon Chalice.
material_desc_002,Зміцнює зброю до +3.
material_desc_003,Зміцнює зброю до +6.
material_desc_004,Зміцнює зброю до +9.
material_desc_005,Зміцнює зброю до максимального рівня.
material_desc_006,Зміцнює особливу зброю до +4.
material_desc_007,Зміцнює особливу зброю до максимального рівня.
material_inspec_000,"Шматок черепа Демона-Клірика. Настільки потужний, що незважаючи на постійний вогонь, він не розпадеться. Коваль зможе використати цю кістку щоб виготувати ще один заряд для Чаши Демона, thanks to a gift that the Demon Sorcerers have given to all blacksmiths in Hell, which makes them able to manipulate the bones of Demon Clerics."
material_inspec_001,"The blood of extinct Demon Clerics, wrapped in an absurdly powerful magical barrier. The only way to give it up is to grant it to a Cinder Totem, a totem created in the First Great Demon War, one of whose objectives was to channel the blood of the Demon Clerics into the medicines and healing spells of the Demon Sorcerers in order to avoid as much deaths as possible."
material_inspec_002,
material_inspec_003,
material_inspec_004,
material_inspec_005,
key_name_000,Крила демона
key_name_001,Goddess Purple Pendant
key_name_002,Radiant Silver Bracelet
key_name_003,Jails Keys
key_desc_000,
key_desc_001,
key_desc_002,
key_desc_003,
key_inspec_000,
key_inspec_001,
key_inspec_002,
key_inspec_003,
accessory_name_000,Knight Helmet
accessory_name_001,Templar Helmet
accessory_name_002,Profaned Helmet
accessory_name_003,Burned Knight Helmet
accessory_name_004,Dark Herald Helmet
accessory_name_005,Fight Sinner Helmet
accessory_name_006,Northern Helmet
accessory_name_007,Oni Mask
accessory_name_008,Straw Hat
accessory_name_009,Rusty Cage
accessory_name_010,Astrologer Headband
accessory_name_011,Necromancer Orb
accessory_desc_000,
accessory_desc_001,
accessory_desc_002,
accessory_desc_003,
accessory_desc_004,
accessory_desc_005,
accessory_desc_006,
accessory_desc_007,
accessory_desc_008,A straw hat with a ribbon wrapped around it. Gives your attacks greater range.
accessory_desc_009,"A rusty cage made of a red metal. Poison and Bleed apply faster, but greatly reduce damage negation against them."
accessory_desc_010,Simple head accessory. Increases impetus and luck.
accessory_desc_011,A necromance magic orb. Increases the damage and the damage negation of non-physic attacks.
accessory_inspec_000,
accessory_inspec_001,
accessory_inspec_002,
accessory_inspec_003,
accessory_inspec_004,
accessory_inspec_005,
accessory_inspec_006,
accessory_inspec_007,
accessory_inspec_008,A hat inspired by an ancient myth about a man who possessed superhuman powers and had the almost unattainable dream of becoming a king. Somehow that hat is still intact.
accessory_inspec_009,"It was built to trap birds, but one day its purpose changed to not only trap birds, but also something obscure."
accessory_inspec_010,
accessory_inspec_011,
armor_name_000,Knight Armor
armor_name_001,Templar Armor
armor_name_002,Profaned Armor
armor_name_003,Burned Knight Armor
armor_name_004,Dark Herald Armor
armor_name_005,Fight Sinner Armor
armor_name_006,Oni Armor
armor_name_007,Outdated Kimono
armor_name_008,Ronin Kimono
armor_name_009,Northern Chain Mail
armor_name_010,Rogue Robe
armor_name_011,Night Scholar Robe
armor_name_012,Wizard Cloak
armor_name_013,Hermit Clothes
armor_name_014,Convict Clothes
armor_name_015,Leather Shoulder Guard
armor_name_016,Golden Set
armor_desc_000,Armor of an old respectful knight.
armor_desc_001,Armor of an old graced templar.
armor_desc_002,Armor of an old feared profaned.
armor_desc_003,
armor_desc_004,
armor_desc_005,
armor_desc_006,
armor_desc_007,Massaru great-grandfather's ronin clothes.
armor_desc_008,Kimono of an old cunning ronin.
armor_desc_009,Armor of an old bestial northern pilgrim.
armor_desc_010,Robes of an old rogue thief.
armor_desc_011,
armor_desc_012,Cloak of an old wise magician.
armor_desc_013,
armor_desc_014,Clothes of an old chaotic convict.
armor_desc_015,Shoulder pad with a sturdy iron plate. Increases strength and vitality.
armor_desc_016,Golden armor. It was once used by a great underground king.
armor_inspec_000,
armor_inspec_001,
armor_inspec_002,
armor_inspec_003,
armor_inspec_004,
armor_inspec_005,
armor_inspec_006,
armor_inspec_007,"This kimono has been passed down from generation to generation in Massaru's family. It is no longer in as perfect condition as it once was. Massaru still wears it out of respect for his great-grandfather, who was a great emperor in Otsumoshita."
armor_inspec_008,
armor_inspec_009,
armor_inspec_010,
armor_inspec_011,
armor_inspec_012,
armor_inspec_013,
armor_inspec_014,
armor_inspec_015,
armor_inspec_016,
weapon_name_000,Serpent Dagger
weapon_name_001,Rogue Daggers
weapon_name_002,Crystalized Daggers
weapon_name_003,Double Shotel
weapon_name_004,Worn Bastard Sword
weapon_name_005,Templar Straight Sword
weapon_name_006,Runic Straight Sword
weapon_name_007,Double Bastard Sword
weapon_name_008,Divine Sword
weapon_name_009,Congregation Greatsword
weapon_name_010,Ougmeyer
weapon_name_011,Necromancer Blades
weapon_name_012,Cristen
weapon_name_013,Slicer Cleaver
weapon_name_014,Simple Dyed Katana
weapon_name_015,Ronin Katana
weapon_name_016,Engraved Katana
weapon_name_017,Tenebrous Melody Katana
weapon_name_018,Odachi
weapon_name_019,Sawed Katana
weapon_name_020,Daisho
weapon_name_021,Prisioner Axe
weapon_name_022,Storm Axe
weapon_name_023,Bone Axes
weapon_name_024,Carved Club
weapon_name_025,Notched club
weapon_name_026,Hammer of Will
weapon_name_027,Iron Duo
weapon_name_028,Flanged Great Mace
weapon_name_029,Black Shell Hammer
weapon_name_030,Frosty Spear
weapon_name_031,Jumonji Yari
weapon_name_032,Night Halberd
weapon_name_033,Bloody Lightning Halberd
weapon_name_034,Prosthetic Cannon halberd
weapon_name_035,Reaper Scythe
weapon_name_036,Double Blade Scythe
weapon_name_037,Divine Twilight Candlestick
weapon_name_038,Profaned Whip
weapon_name_039,Leather Bomber Whip
weapon_name_040,Icy Breath Whip
weapon_name_041,Monk Fists
weapon_name_042,Caestus
weapon_name_043,Spiked Caestus
weapon_name_044,Explosive Ball
weapon_name_045,Viper Claws
weapon_name_046,Curved Claws
weapon_name_047,Cleaver and Axe
weapon_name_048,Spear and Sword
weapon_name_049,Scythe and Dagger
weapon_name_050,Explorer Bow
weapon_name_051,Burned Bow
weapon_name_052,Golden Bow
weapon_name_053,Arquebus
weapon_name_054,Cannon
weapon_name_055,Laminated Geta
weapon_name_056,Frosty Mist Shield
weapon_name_057,Demon Snake Bone Shield
weapon_name_058,Spiked Wall
weapon_desc_000,A slender dagger with a serpent handle. Causes poison on foes.
weapon_desc_001,"A pair of very sharpened daggers, one straight and the other curved."
weapon_desc_002,A pair of daggers so cold that crystallize itself. Causes freezing on foes.
weapon_desc_003,"A pair of crescent-shaped daggers, very powerful and agile."
weapon_desc_004,"A neither too big nor too small sword, strong and agile."
weapon_desc_005,"A straight sword, balanced between strength and agility."
weapon_desc_006,"A straight sword engraved with runes on its blade, blessed by Meapol."
weapon_desc_007,"A pair of bastard sword, great for consecutives attacks."
weapon_desc_008,A greatsword forged directly by Huozue's blacksmiths. Causes pyromancy.
weapon_desc_009,The greatsword of the warriors of the Darkness Congregation.
weapon_desc_010,The ancient sword. its trully power is as unknown as its creation.
weapon_desc_011,Swords capable of raising the dead.
weapon_desc_012,The frozen sword of ancient legends. They say it's capable of killing a god.
weapon_desc_013,A huge cleaver. Maybe it belonged to a giant butcher.
weapon_desc_014,"A simple and cheap katana, painted black, purple and green."
weapon_desc_015,"A long oriental sword, agile and effective, although it's not very sturdy."
weapon_desc_016,"The sword of a great long haired warrior, engraved with unknown runes."
weapon_desc_017,The sword of an ancient warrior who composed soothing melodies for the soul.
weapon_desc_018,A katana with a huge blade.
weapon_desc_019,A katana with a notched blade. Causes bleeding.
weapon_desc_020,"A katana and a wakizashi together, offensives and agile at the same time."
weapon_desc_021,An axe forged from precarious resources by the desperation of a jailed soul.
weapon_desc_022,"The winded axe of Vuikur, one of the god of the Golden Divinity."
weapon_desc_023,An axe forged from the bones of dead demons.
weapon_desc_024,A wood batt that thickens on the end. Sturdy and strong.
weapon_desc_025,"A wood batt that thickens at the end, with wire and teeth embedded in it."
weapon_desc_026,The hammer given to humans because of their devotion to the gods.
weapon_desc_027,
weapon_desc_028,
weapon_desc_029,
weapon_desc_030,
weapon_desc_031,
weapon_desc_032,
weapon_desc_033,
weapon_desc_034,
weapon_desc_035,
weapon_desc_036,
weapon_desc_037,A red chandelier of unimaginable power.
weapon_desc_038,"A dark whip made with leather, reinforced with spikes."
weapon_desc_039,
weapon_desc_040,
weapon_desc_041,
weapon_desc_042,
weapon_desc_043,
weapon_desc_044,
weapon_desc_045,
weapon_desc_046,
weapon_desc_047,"A set of cleaver and axe, inseparable for bloodthirsty warriors."
weapon_desc_048,
weapon_desc_049,
weapon_desc_050,
weapon_desc_051,
weapon_desc_052,
weapon_desc_053,
weapon_desc_054,
weapon_desc_055,
weapon_desc_056,
weapon_desc_057,
weapon_desc_058,
weapon_inspec_000,
weapon_inspec_001,
weapon_inspec_002,
weapon_inspec_003,
weapon_inspec_004,
weapon_inspec_005,
weapon_inspec_006,
weapon_inspec_007,
weapon_inspec_008,
weapon_inspec_009,
weapon_inspec_010,
weapon_inspec_011,
weapon_inspec_012,
weapon_inspec_013,
weapon_inspec_014,
weapon_inspec_015,
weapon_inspec_016,
weapon_inspec_017,"Its owner, the famous and old Vinsir, together with the warriors of the Congregation of Darkness, battled against the Darkness to bring peace to Earth. He created calm and inspiring melodies to relieve his stress and that of his allies in this eternal war against the Dark. One day, Vinsir and his fellow fought against a great Fingran consumed by the Dark. His allie managed to win the battle and free the great beast's soul, but at the cost of sacrificing Vinsir's life. Today, in the Great Field of Ardiflowers, lies the tomb of the heroic composer."
weapon_inspec_018,
weapon_inspec_019,
weapon_inspec_020,
weapon_inspec_021,
weapon_inspec_022,
weapon_inspec_023,
weapon_inspec_024,
weapon_inspec_025,
weapon_inspec_026,
weapon_inspec_027,
weapon_inspec_028,
weapon_inspec_029,
weapon_inspec_030,
weapon_inspec_031,
weapon_inspec_032,
weapon_inspec_033,
weapon_inspec_034,
weapon_inspec_035,
weapon_inspec_036,
weapon_inspec_037,It is said that this candlestick was forged by a great blacksmith blessed by Huozue.
weapon_inspec_038,
weapon_inspec_039,
weapon_inspec_040,
weapon_inspec_041,
weapon_inspec_042,
weapon_inspec_043,
weapon_inspec_044,
weapon_inspec_045,
weapon_inspec_046,
weapon_inspec_047,
weapon_inspec_048,
weapon_inspec_049,
weapon_inspec_050,
weapon_inspec_051,
weapon_inspec_052,
weapon_inspec_053,
weapon_inspec_054,
weapon_inspec_055,
weapon_inspec_056,
weapon_inspec_057,
weapon_inspec_058,
magic_name_000,Pyromantic Floor
magic_name_001,Pyromantic Combustion
magic_name_002,Fire Ball
magic_name_003,Flaming Wall
magic_name_004,Lightning Bolt
magic_name_005,Poison Spit
magic_name_006,Bloody Chase
magic_name_007,Dark Explosion
magic_name_008,Huoko's Strength
magic_name_009,Explendid Huoko's Strength
magic_name_010,Huoko's Fortitude
magic_name_011,Noctarogar's Blessing
magic_name_012,Kiabass' Blessing
magic_name_013,Feared Entity Darkness
magic_name_014,Night Dart
magic_name_015,Great Night Dart
magic_name_016,Night Spiral
magic_name_017,Great Night Arrow
magic_name_018,Night Orbs
magic_name_019,Night Voids
magic_name_020,Great Night Void
magic_name_021,Night Sword
magic_name_022,Great Night Slash
magic_name_023,Ice Stake
magic_name_024,Ice Crystals
magic_name_025,Ice Orbs
magic_name_026,Ice Explosion
magic_name_027,Ice Bow
magic_name_028,Night Constellation
magic_name_029,Falon's Pyromance
magic_name_030,Falon's Fire
magic_name_031,Falon's Ice
magic_name_032,Falon's Lightnings
magic_name_033,Falon's Blood
magic_desc_000,Spread pyromancy on the ground.
magic_desc_001,Casts a pyromantic explosion.
magic_desc_002,Throws a flaming ball.
magic_desc_003,Throws columns of fire.
magic_desc_004,Throws a lightning bolt.
magic_desc_005,Expels poison from your mouth.
magic_desc_006,Conjures a smoke of blood that chase enemies.
magic_desc_007,Casts orbs of darkness that chase enemies.
magic_desc_008,Increases attack power.
magic_desc_009,Greatly increases attack power.
magic_desc_010,Improve all the damage negations.
magic_desc_011,Gradually restores HP.
magic_desc_012,Increases the damage of magics and decreases their MP cost.
magic_desc_013,"Hits the ground 3 times, exploding everything around with darkness."
magic_desc_014,
magic_desc_015,
magic_desc_016,
magic_desc_017,
magic_desc_018,
magic_desc_019,
magic_desc_020,
magic_desc_021,
magic_desc_022,
magic_desc_023,
magic_desc_024,Throws an ice stake.
magic_desc_025,Throws sharp ice crystals.
magic_desc_026,
magic_desc_027,
magic_desc_028,Imbues night magic on the equipped weapon in the other hand.
magic_desc_029,Imbues pyromancy on the equipped weapon in the other hand.
magic_desc_030,Imbues fire on the equipped weapon in the other hand.
magic_desc_031,Imbues freezing on the equipped weapon in the other hand.
magic_desc_032,Imbues electricity on the equipped weapon in the other hand.
magic_desc_033,Imbues bleeding on the equipped weapon in the other hand.
magic_inspec_000,
magic_inspec_001,
magic_inspec_002,
magic_inspec_003,
magic_inspec_004,
magic_inspec_005,
magic_inspec_006,
magic_inspec_007,
magic_inspec_008,
magic_inspec_009,
magic_inspec_010,
magic_inspec_011,
magic_inspec_012,
magic_inspec_013,
magic_inspec_014,
magic_inspec_015,
magic_inspec_016,
magic_inspec_017,
magic_inspec_018,
magic_inspec_019,
magic_inspec_020,
magic_inspec_021,
magic_inspec_022,
magic_inspec_023,
magic_inspec_024,
magic_inspec_025,
magic_inspec_026,
magic_inspec_027,
magic_inspec_028,
magic_inspec_029,
magic_inspec_030,
magic_inspec_031,
magic_inspec_032,
magic_inspec_033,
ring_name_000,Pierced Shield Ring
ring_name_001,Broken Sword Ring
ring_name_002,Steel Shield Ring
ring_name_003,Eternal Sword Ring
ring_name_004,Noctarogar's Ring
ring_name_005,Kiabass Ring
ring_name_006,Immortal Plant Ring
ring_name_007,Blood Plant Ring
ring_name_008,Cleric Ring
ring_name_009,Conformity Ring
ring_name_010,Tough Scale Ring
ring_name_011,Flaming Scale Ring
ring_name_012,Frozen Scale Ring
ring_name_013,Electric Scale Ring
ring_name_014,Poison Scale Ring
ring_name_015,Bloody Scale Ring
ring_name_016,Black Scale Ring
ring_name_017,Golden Pantheon Ring
ring_name_018,Four-Leaf Clover Ring
ring_name_019,Magical Aid Ring
ring_name_020,Desire Ring
ring_name_021,Scholar Ring
ring_name_022,Relentless Magician Ring
ring_name_023,Shiny Crystal Ring
ring_name_024,Star Ring
ring_name_025,Samurai Ring
ring_name_026,Oni Ring
ring_name_027,Flaming Serpent Ring
ring_name_028,Frozen Serpent Ring
ring_name_029,Electric Serpent Ring
ring_name_030,Venomous Snake Ring
ring_name_031,Blood Serpent Ring
ring_name_032,Black Serpent Ring
ring_name_033,Barbarian's Ring
ring_name_034,Scoundrel Ring
ring_name_035,Alchemist's Ring
ring_name_036,Knight's Ring
ring_name_037,Explorer's Ring
ring_name_038,Motivation Ring
ring_name_039,Swordsman's Art Ring
ring_name_040,Virtue Art Ring
ring_name_041,War Art Ring
ring_name_042,Vuikur's Ring
ring_name_043,Shooter Ring
ring_name_044,Fighter Ring
ring_name_045,Cat Ring
ring_name_046,Ornunddu Blessing Ring
ring_name_047,Phoenix Ring
ring_name_048,Ghost Ring
ring_name_049,Camouflage Ring
ring_name_050,Penalty Ring
ring_name_051,Fugitive Ring
ring_name_052,Discernment Ring
ring_name_053,Restoration Ring
ring_name_054,Killer Defense Ring
ring_name_055,Killer Strength Ring
ring_name_056,Falon Bubble Ring
ring_name_057,Leap Ring
ring_name_058,Burden Ring
ring_desc_000,Increases damage negation when HP is low.
ring_desc_001,Increases damage when HP is low.
ring_desc_002,Increases damage negation when HP is full.
ring_desc_003,Increases damage when HP is full.
ring_desc_004,Increases maximum HP.
ring_desc_005,Increases maximum MP.
ring_desc_006,Restores HP gradually.
ring_desc_007,Restores HP when defeating enemies.
ring_desc_008,Improves HP and MP restored by the chalice.
ring_desc_009,Improves stats but increases damage received.
ring_desc_010,Improves physical damage negation.
ring_desc_011,Improves flame damage negation.
ring_desc_012,Improves freezing damage negation.
ring_desc_013,Improves electrical damage negation.
ring_desc_014,Improves poison damage negation.
ring_desc_015,Improves bleeding damage negation.
ring_desc_016,Improves darkness damage negation.
ring_desc_017,Increases blessing.
ring_desc_018,Increases blood gained from defeating enemies.
ring_desc_019,Improves support spells.
ring_desc_020,Increases the duration of support spells.
ring_desc_021,Improves attack spells.
ring_desc_022,Greatly improves attack spells.
ring_desc_023,Spells are executed more quickly.
ring_desc_024,Reduces the MP consumption of spells.
ring_desc_025,Increases damage negation when bleeding is nearby.
ring_desc_026,Increases attack when bleeding is nearby.
ring_desc_027,"Increases flames damage, but decreases flames damage negation."
ring_desc_028,"Increases freezing damage, but decreases freezing damage negation."
ring_desc_029,"Increases electrical damage, but decreases electrical damage negation."
ring_desc_030,"Increases poison damage, but decreases poison damage negation."
ring_desc_031,"Increases bleeding chance, but decreases bleeding damage negation."
ring_desc_032,"Increases darkness damage, but decreases darkness damage negation."
ring_desc_033,Increases strength.
ring_desc_034,Increases dexterity.
ring_desc_035,Increases momentum.
ring_desc_036,Increases stamina.
ring_desc_037,Increases luck.
ring_desc_038,Increases the damage of the first attack.
ring_desc_039,Increases the damage of consecutive attacks.
ring_desc_040,Restores HP with consecutive attacks.
ring_desc_041,Increases the damage of heavy attacks.
ring_desc_042,Increases the damage of attacks in the air.
ring_desc_043,Increases the damage of long-range weapons.
ring_desc_044,Increases bare-handed damage.
ring_desc_045,Enemies detect you with more difficulty.
ring_desc_046,"Blood is not lost when you die, but the ring breaks."
ring_desc_047,"When you die, you rebirth exploding everything around you. Only works once."
ring_desc_048,Turns into a ghost for a brief moment and comes back to life after dying.
ring_desc_049,Becomes intangible after standing still for a while.
ring_desc_050,"Enemies nearby become slower, but you lose a little HP for each enemy affected."
ring_desc_051,Becomes immune to any hits for a while after taking a great damage.
ring_desc_052,Hidden paths become more evident.
ring_desc_053,Restores a little the duration of effects when defeating enemies.
ring_desc_054,"Each enemy defeated generates a damage negation buildup, but the buildup decreases over time."
ring_desc_055,"Each enemy defeated generates a strength buildup, but the buildup decreases over time."
ring_desc_056,A bubble is created around you as a shield.
ring_desc_057,Increases the height reached by jumping.
ring_desc_058,Decreases all damage negations.
ring_inspec_000,
ring_inspec_001,
ring_inspec_002,
ring_inspec_003,
ring_inspec_004,
ring_inspec_005,
ring_inspec_006,
ring_inspec_007,
ring_inspec_008,
ring_inspec_009,
ring_inspec_010,
ring_inspec_011,
ring_inspec_012,
ring_inspec_013,
ring_inspec_014,
ring_inspec_015,
ring_inspec_016,
ring_inspec_017,
ring_inspec_018,
ring_inspec_019,
ring_inspec_020,
ring_inspec_021,
ring_inspec_022,
ring_inspec_023,
ring_inspec_024,
ring_inspec_025,
ring_inspec_026,
ring_inspec_027,
ring_inspec_028,
ring_inspec_029,
ring_inspec_030,
ring_inspec_031,
ring_inspec_032,
ring_inspec_033,
ring_inspec_034,
ring_inspec_035,
ring_inspec_036,
ring_inspec_037,
ring_inspec_038,
ring_inspec_039,
ring_inspec_040,
ring_inspec_041,
ring_inspec_042,
ring_inspec_043,
ring_inspec_044,
ring_inspec_045,
ring_inspec_046,
ring_inspec_047,
ring_inspec_048,
ring_inspec_049,
ring_inspec_050,
ring_inspec_051,
ring_inspec_052,
ring_inspec_053,
ring_inspec_054,
ring_inspec_055,
ring_inspec_056,
ring_inspec_057,
ring_inspec_058,
knowledge_name_000,Letter of a Old Hell Adventurer
knowledge_name_001,"Single sheet of ""The Ice of the Fourth Tier"""
knowledge_name_002,"Second page of ""The grass of the First Tier"""
knowledge_name_003,"Fifteenth page of ""The grass of the First Tier"""
knowledge_desc_000,A Letter written by an adventurer a long time ago.
knowledge_desc_001,"A single sheet from the 1st volume of the series ""Hell explained"" by Connor Sant'Anna."
knowledge_desc_002,"Second page of the fifth volume of the series ""Hell explained"" by Connor Sant'Anna."
knowledge_desc_003,"Fifteenth page of the fifth volume of the series "" Hell Explained"" by Connor Sant'Anna."
knowledge_inspec_000,"The sheet is extremely old and worn, but still perfectly legible:[n]""Hello, next adventurer, I'm glad you've also found this area, near this letter there is a purple totem. It is able to restore your vigor and cure any illness by resting near it and believing in its gift.”"
knowledge_inspec_001,"The sheet is burnt, but it is possible to read part of it:[n]""...Due to its distance from the center of hell, being extremely cold and icy, it is almost impossible to survive without great preparation, such as warmer clothes and fires, for example. However, it wasn't always like this, the Fifth Layer was once the hottest of all, and had a king, the King of the Underground, Drensriel, who soon after winning his title, betrayed Mounds by trying to kill him to become the King of Hell. However, he was clearly defeated, Mounds is ruthless, there is no beating him... So the fifth layer has been moved as far away from the center as possible, as a way of showing that Mounds will show no mercy to anyone who goes against him..."""
knowledge_inspec_002,"The sheet is torn and a little bit burnt, but still legible.[n]""...With his powers, Mounds creates a great flowery field, more than 500 billion kilometers long, in an attempt to imitate his old home, The Heavens. But the attempt failed in the blink of an eye. Mounds, furious, yells so loudly that the entire field is brutally burnt. The flowers, turned to ash. Trees, melted into lava. Flawed animals, turned into heaps of rotting flesh..."""
knowledge_inspec_003,"The leaves are torn and a little burnt, but still legible.[n]""...His disciples, Doalpus and Alreeis, finished the construction. Finally, after 134 years, it was erected and ready to demonstrate the power and architecture of hell, Moundzian Castle, the domain of Mounds... In the castle's laboratory, Mounds and his disciples created, from the blood of Mounds and a female mammal, Mounds' maiden, Astrina... Once married, Mounds and Astrina had 4 children, called the first demonic beings, who, when they came of age, were given the title of Demon Leaders..."""
bes_name_n000,Weak body
bes_name_n001,Demonic Barbarian
bes_name_n002,"Eldaron, the Lost Golem"
bes_desc_n000,"A dead warrior, who due his honorable death in battle, has a body. However, were cruel in life, his everlast sentence is now fight forever against his equals, as a memory of his last moments of life, feeling every pain and the burden of causing so much suffering in life as.[n][n]Due the new dictatorship of Mounds, all the dead are now gradually growing stronger and becoming demons. Therefore, when they complete the transformation, they will be part of the army of Mounds in the attack to the Human Realm."
bes_desc_n001,"A huge and muscular dead warrior, killed in battle, so he keeps his body even in hell. However, for every place he passed, he caused desgrace. Now, forever, he will suffer in battles, remembering of his last moments of life and suffering his burden of the torments that caused in life.[n][n]Due the new dictatorship of Mounds, all the dead are now gradually growing stronger and becoming demons. Therefore, when they complete the transformation, they will be part of the army of Mounds in the attack to the Human Realm."
bes_desc_n002,"A golem forged from volcanic stones and magic that fought in the First Demon War. They usually use very powerful hammers or large flaming axes.[n][n]Eldaron, in a battle in the war, ended up getting lost, falling into the abandoned Fourth Layer of hell and was never found."
bes_type_n000,Demidemon
bes_type_n001,Flaming War Golem - Boss
dialogue_op_000,Купити предмети
dialogue_op_001,Продати предмети
dialogue_op_002,Говорити
npc_name_000,Густав
npc_name_001,Grumyin
npc_name_002,Randalya
npc_name_003,Палагард
npc_000_dialogue_000,"Привіт, друже."
npc_000_dialogue_001,Як ся мається?
npc_000_dialogue_002,Я... крамар... Чого бажаєш?
npc_000_dialogue_003,Я? Хаха...
npc_000_dialogue_004,Я простий крамар.
npc_000_dialogue_005,I failed my family and...
npc_000_dialogue_006,Now I live alone selling goods.
npc_000_dialogue_007,"Я радий, що ти повернувся!"
npc_000_dialogue_008,Чого бажаєш?
npc_001_dialogue_000,"Hey hey hey! Take it easy, boy."
npc_001_dialogue_001,You are not dead...
npc_001_dialogue_002,"You are another one of those who came here because of that annoying witch, are not you?"
npc_001_dialogue_003,"If so, go ahead!"
npc_001_dialogue_004,"Try once more, die once more... Be reborn once more."
npc_001_dialogue_005,ah...
npc_001_dialogue_006,"What are you so much planning, witch?"
npc_001_dialogue_007,"Try once more, die once more... Be reborn once more."
npc_001_dialogue_008,ah...
npc_001_dialogue_009,"What are you so much planning, witch?"
npc_002_dialogue_000,You've finally woken up.
npc_002_dialogue_001,"I'm Randalya, I saved you from that flaming monster."
npc_002_dialogue_002,"I guess you've met those purple totems, haven't you? I'm afraid the one next to that demon has already broken..."
npc_002_dialogue_003,"Those totems are called Cinder Totems, they are totems of worship that, when you rest on them and believe in their power, they restore your vigor and any tribulation in your body, as well as being able to increase your strength, store your luggage and transfer you to other totems you've already found."
npc_002_dialogue_004,Your current equipment has been well worn out due to your arrival in hell. On the second floor of this building you will find a room with some equipment.
npc_002_dialogue_005,"But remember that it's not only you who will need equipment, choose just one of each peace. Other warriors have recently arrived in hell, more warriors than usual, even..."
npc_002_dialogue_006,This building is home to others like me who can help you whenever you need it.
npc_002_dialogue_007,That's all I have to say.
npc_002_dialogue_008,May Moygo's blessing be with you.
intro_dialogue_000,"Ах, дорогий брате..."
intro_dialogue_001,"Ти вже так багато зробив для мене... Я прошу про, щоб ти знов мені допоміг."
intro_dialogue_002,"I imagine you have heard about Mounds, the Demon King, the fallen celestial being."
intro_dialogue_003,"From my rituals, I discovered that he himself is preparing to invade the Earth, the realm of the living"
intro_dialogue_004,"To dominate it, and then ascend to heaven again and become the supreme god."
intro_dialogue_005,"Nothing good will come of it, my brother. He will spread disgrace throughout the world, misery and suffering."
intro_dialogue_006,"Therefore I ask, Massaru. You are the only one that I trust of body and soul to be able to face him, and then, defeat him."
intro_dialogue_007,"Through my witchcraft, I send you to hell."
intro_dialogue_008,Whatever it takes.
intro_dialogue_009,You will kill him army...
intro_dialogue_010,You will kill Mounds.
help_no_tutorial,You haven't unlocked[n]this tutorial yet.
help_title_000,Меню: інформація про персонажа
help_title_001,Меню: екіпіровка
help_title_002,Меню: інвентар
help_title_003,Меню: бестіарій
help_text_000,"In the Character Info menu, you can check your status, level, attributes, attack power and more.[n][n]The information here reflects on your attacks and your damage negation against various types of damage, such that it can be increased by the armor and weapons you equip."
help_text_001,"In the Equipment menu, you can equip weapons, armor, rings, gems and items.[n][n]Each piece of equipment in each category changes Massaru's strength in different ways. Weapons increase your attack power, armors increase your damage negation, rings and accessories grant you effects, gems grant effects to your weapon. All your equipment can give you other effects, such as a weapon giving you some effect, even if that's not its main function. The bag makes it easier for you to access items in your inventory."
help_text_002,"In my Inventory, you can check all the items you own.[n][n]You can use them, generating some kind of gain or loss, depending on the item. Equip them, so you don't have to go to the Equipment menu to equip the item you want. Even discard them, if you no longer want an item in your inventory, but bear in mind that doing so will discard all the items you have of that type, that is, discarding an item that you have 10 amounts of, for example, will cause all 10 of your amounts to be discarded."
help_text_003,"In the Bestiary menu, you can check out all the monsters you've encountered so far.[n][n]Here you can find out more about the monsters, their names, types, history, HP and attack power, damage negation and how many times you've defeated them."
class_no_class,Немає класу
class_knight,Лицар
class_northern_pilgrim,Northern Pilgrim
class_ronin,Ronin
class_rogue,Rogue
class_templar,Templar
class_wizard,Чародій
class_profaned,Profaned
class_convict,Convict
testers_text_000,"Привіт, тестер. Як ся маєш? Цю мапу було створено, щоб тестувати усі механіки Hell's Voyager які поки що ми маємо.[n]Функції що можуть знадобитися:[n]Кнопка «B»: Перезавантажити гру(?);[n]Кнопка «F4»: Активувати лічильник кадрів, реальні дату та час, ігровий час;[n]Кнопка «F3»: Показати хітбокси та ігрову інформацію."
testers_text_001,"Please understand that the game is ""empty"" because I've only focused on the game menus so far! But from now on I'm focusing on gameplay, equipment, maps and enemies.[n]Most of the weapons and armor are missing their images, animations and descriptions because I haven't worked on them yet (the only one that already has a move set is the Worn Bastard Sword, but it hasn't been properly finalized). I'm focusing first on adding new things that are more important to the game's progress, such as maps, enemies, npcs, etc."
